{"user1": {"username": "user1", "password": "password1", "created": "2020-07-07 00:16:28.293901"}, "user2": {"username": "user2", "password": "password2", "created": "2020-07-07 00:28:07.315781"}, "u1": {"username": "u1", "password": "p1", "created": "2020-07-09 23-38-18"}, "": {"username": "", "password": "", "created": "2020-08-12 23-21-08"}, "poseidon": {"username": "poseidon", "password": "sillyhaha", "created": "2020-07-23 19-00-54"}, "blob": {"username": "blob", "password": "blobby", "created": "2020-07-23 19-13-04"}, "haha\t": {"username": "haha\t", "password": "haha123", "created": "2020-07-23 19-14-26"}, "u3": {"username": "u3", "password": "p3", "created": "2020-07-23 19-16-39"}, "u4": {"username": "u4", "password": "p4", "created": "2020-07-23 19-33-11"}, "u5": {"username": "u5", "password": "p5", "created": "2020-07-23 19-36-00"}, "u6": {"username": "u6", "password": "p6", "created": "2020-07-23 19-36-24"}}